Name,Release,Img,Price
adidas Samba OG 'Dust Rust',Di. 31. Dez. 2024 – 23:00,"https://www.datocms-assets.com/24293/1735036745-samba_og_shoes_red_ji3232_01_standard.png?dpr=0.25&amp;fm=webp&amp;max-h=105&amp;max-w=103845 500w,https://www.datocms-assets.com/24293/1735036745-samba_og_shoes_red_ji3232_01_standard.png?dpr=0.5&amp;fm=webp&amp;max-h=210&amp;max-w=207690 1000w,https://www.datocms-assets.com/24293/1735036745-samba_og_shoes_red_ji3232_01_standard.png?dpr=0.75&amp;fm=webp&amp;max-h=315&amp;max-w=311535 1500w,https://www.datocms-assets.com/24293/1735036745-samba_og_shoes_red_ji3232_01_standard.png?fm=webp&amp;max-h=420&amp;max-w=645 2000w",150 €
Nike Air Pegasus 2K5 'Pure Platinum',Mi. 01. Jan. 2025 – 08:00,"https://www.datocms-assets.com/24293/1735522255-nike-air-pegasus-2k5-pure-platinum-release-heat-mvmnt-1.png?dpr=0.25&amp;fm=webp&amp;max-h=105&amp;max-w=103845 322w,https://www.datocms-assets.com/24293/1735522255-nike-air-pegasus-2k5-pure-platinum-release-heat-mvmnt-1.png?dpr=0.5&amp;fm=webp&amp;max-h=210&amp;max-w=207690 645w,https://www.datocms-assets.com/24293/1735522255-nike-air-pegasus-2k5-pure-platinum-release-heat-mvmnt-1.png?dpr=0.75&amp;fm=webp&amp;max-h=315&amp;max-w=311535 967w,https://www.datocms-assets.com/24293/1735522255-nike-air-pegasus-2k5-pure-platinum-release-heat-mvmnt-1.png?fm=webp&amp;max-h=420&amp;max-w=645 1290w",150 €
Nike Air Force 1 Low 'Suede Light Bone',Mi. 01. Jan. 2025 – 08:00,"https://www.datocms-assets.com/24293/1735435812-nike-air-force-1-low-suede-light-bone-release-heat-mvmnt-1.png?dpr=0.25&amp;fm=webp&amp;max-h=105&amp;max-w=103845 322w,https://www.datocms-assets.com/24293/1735435812-nike-air-force-1-low-suede-light-bone-release-heat-mvmnt-1.png?dpr=0.5&amp;fm=webp&amp;max-h=210&amp;max-w=207690 645w,https://www.datocms-assets.com/24293/1735435812-nike-air-force-1-low-suede-light-bone-release-heat-mvmnt-1.png?dpr=0.75&amp;fm=webp&amp;max-h=315&amp;max-w=311535 967w,https://www.datocms-assets.com/24293/1735435812-nike-air-force-1-low-suede-light-bone-release-heat-mvmnt-1.png?fm=webp&amp;max-h=420&amp;max-w=645 1290w",130 €
Nike Dunk Low SE 'Picante Red',Mi. 01. Jan. 2025 – 08:00,"https://www.datocms-assets.com/24293/1734571834-nike-dunk-low-se-picante-red-release-heat-mvmnt-1.png?dpr=0.25&amp;fm=webp&amp;max-h=105&amp;max-w=103845 480w,https://www.datocms-assets.com/24293/1734571834-nike-dunk-low-se-picante-red-release-heat-mvmnt-1.png?dpr=0.5&amp;fm=webp&amp;max-h=210&amp;max-w=207690 960w,https://www.datocms-assets.com/24293/1734571834-nike-dunk-low-se-picante-red-release-heat-mvmnt-1.png?dpr=0.75&amp;fm=webp&amp;max-h=315&amp;max-w=311535 1440w,https://www.datocms-assets.com/24293/1734571834-nike-dunk-low-se-picante-red-release-heat-mvmnt-1.png?fm=webp&amp;max-h=420&amp;max-w=645 1920w",130 €
Nike Zoom Vomero 5 'Pure Platinum',Mi. 01. Jan. 2025 – 08:00,"https://www.datocms-assets.com/24293/1735435834-nike-zoom-vomero-5-pure-platinum-release-heat-mvmnt-1.png?dpr=0.25&amp;fm=webp&amp;max-h=105&amp;max-w=103845 322w,https://www.datocms-assets.com/24293/1735435834-nike-zoom-vomero-5-pure-platinum-release-heat-mvmnt-1.png?dpr=0.5&amp;fm=webp&amp;max-h=210&amp;max-w=207690 645w,https://www.datocms-assets.com/24293/1735435834-nike-zoom-vomero-5-pure-platinum-release-heat-mvmnt-1.png?dpr=0.75&amp;fm=webp&amp;max-h=315&amp;max-w=311535 967w,https://www.datocms-assets.com/24293/1735435834-nike-zoom-vomero-5-pure-platinum-release-heat-mvmnt-1.png?fm=webp&amp;max-h=420&amp;max-w=645 1290w",160 €
Travis Scott x Air Jordan 1 Low OG 'Velvet Brown',Do. 02. Jan. 2025 – 07:00,"https://www.datocms-assets.com/24293/1734263244-14389b2fd0a993b839ad359d2405a7a1ff439f76-1966x1229.png?dpr=0.25&amp;fm=webp&amp;max-h=105&amp;max-w=103845 480w,https://www.datocms-assets.com/24293/1734263244-14389b2fd0a993b839ad359d2405a7a1ff439f76-1966x1229.png?dpr=0.5&amp;fm=webp&amp;max-h=210&amp;max-w=207690 960w,https://www.datocms-assets.com/24293/1734263244-14389b2fd0a993b839ad359d2405a7a1ff439f76-1966x1229.png?dpr=0.75&amp;fm=webp&amp;max-h=315&amp;max-w=311535 1440w,https://www.datocms-assets.com/24293/1734263244-14389b2fd0a993b839ad359d2405a7a1ff439f76-1966x1229.png?fm=webp&amp;max-h=420&amp;max-w=645 1920w",160 €
Nike SB Dunk Low 'Black Gum',Sa. 04. Jan. 2025 – 08:00,"https://www.datocms-assets.com/24293/1735090236-nike-sb-dunk-low-black-gum-release-heat-mvmnt-1.png?dpr=0.25&amp;fm=webp&amp;max-h=105&amp;max-w=103845 322w,https://www.datocms-assets.com/24293/1735090236-nike-sb-dunk-low-black-gum-release-heat-mvmnt-1.png?dpr=0.5&amp;fm=webp&amp;max-h=210&amp;max-w=207690 645w,https://www.datocms-assets.com/24293/1735090236-nike-sb-dunk-low-black-gum-release-heat-mvmnt-1.png?dpr=0.75&amp;fm=webp&amp;max-h=315&amp;max-w=311535 967w,https://www.datocms-assets.com/24293/1735090236-nike-sb-dunk-low-black-gum-release-heat-mvmnt-1.png?fm=webp&amp;max-h=420&amp;max-w=645 1290w",120 €
Nike SB Dunk Low 'White Black',Sa. 04. Jan. 2025 – 08:00,"https://www.datocms-assets.com/24293/1735284817-nike-sb-dunk-low-pro-white-and-black-hf3704-100-erscheinungsdatum-edited.png?dpr=0.25&amp;fm=webp&amp;max-h=105&amp;max-w=103845 320w,https://www.datocms-assets.com/24293/1735284817-nike-sb-dunk-low-pro-white-and-black-hf3704-100-erscheinungsdatum-edited.png?dpr=0.5&amp;fm=webp&amp;max-h=210&amp;max-w=207690 640w,https://www.datocms-assets.com/24293/1735284817-nike-sb-dunk-low-pro-white-and-black-hf3704-100-erscheinungsdatum-edited.png?dpr=0.75&amp;fm=webp&amp;max-h=315&amp;max-w=311535 960w,https://www.datocms-assets.com/24293/1735284817-nike-sb-dunk-low-pro-white-and-black-hf3704-100-erscheinungsdatum-edited.png?fm=webp&amp;max-h=420&amp;max-w=645 1280w",120 €
Nike Air Max 1 'Psychic Blue',Di. 07. Jan. 2025 – 08:00,"https://www.datocms-assets.com/24293/1735090213-nike-air-max-1-psychic-blue-release-heat-mvmnt-1.png?dpr=0.25&amp;fm=webp&amp;max-h=105&amp;max-w=103845 292w,https://www.datocms-assets.com/24293/1735090213-nike-air-max-1-psychic-blue-release-heat-mvmnt-1.png?dpr=0.5&amp;fm=webp&amp;max-h=210&amp;max-w=207690 584w,https://www.datocms-assets.com/24293/1735090213-nike-air-max-1-psychic-blue-release-heat-mvmnt-1.png?dpr=0.75&amp;fm=webp&amp;max-h=315&amp;max-w=311535 876w,https://www.datocms-assets.com/24293/1735090213-nike-air-max-1-psychic-blue-release-heat-mvmnt-1.png?fm=webp&amp;max-h=420&amp;max-w=645 1168w",150 €
Nike Cygnal 'Navy',Mi. 08. Jan. 2025 – 08:00,"https://www.datocms-assets.com/24293/1735349463-nike-cygnal-navy-release-heat-mvmnt-1.png?dpr=0.25&amp;fm=webp&amp;max-h=105&amp;max-w=103845 320w,https://www.datocms-assets.com/24293/1735349463-nike-cygnal-navy-release-heat-mvmnt-1.png?dpr=0.5&amp;fm=webp&amp;max-h=210&amp;max-w=207690 640w,https://www.datocms-assets.com/24293/1735349463-nike-cygnal-navy-release-heat-mvmnt-1.png?dpr=0.75&amp;fm=webp&amp;max-h=315&amp;max-w=311535 960w,https://www.datocms-assets.com/24293/1735349463-nike-cygnal-navy-release-heat-mvmnt-1.png?fm=webp&amp;max-h=420&amp;max-w=645 1280w",180 €
Nike Cygnal 'Black',Mi. 08. Jan. 2025 – 08:00,"https://www.datocms-assets.com/24293/1735003836-nike-cygnal-black-release-heat-mvmnt-1.png?dpr=0.25&amp;fm=webp&amp;max-h=105&amp;max-w=103845 320w,https://www.datocms-assets.com/24293/1735003836-nike-cygnal-black-release-heat-mvmnt-1.png?dpr=0.5&amp;fm=webp&amp;max-h=210&amp;max-w=207690 640w,https://www.datocms-assets.com/24293/1735003836-nike-cygnal-black-release-heat-mvmnt-1.png?dpr=0.75&amp;fm=webp&amp;max-h=315&amp;max-w=311535 960w,https://www.datocms-assets.com/24293/1735003836-nike-cygnal-black-release-heat-mvmnt-1.png?fm=webp&amp;max-h=420&amp;max-w=645 1280w",180 €
Nike Cygnal 'University Red',Mi. 08. Jan. 2025 – 08:00,"https://www.datocms-assets.com/24293/1735003860-nike-cygnal-university-red-release-heat-mvmnt-1.png?dpr=0.25&amp;fm=webp&amp;max-h=105&amp;max-w=103845 320w,https://www.datocms-assets.com/24293/1735003860-nike-cygnal-university-red-release-heat-mvmnt-1.png?dpr=0.5&amp;fm=webp&amp;max-h=210&amp;max-w=207690 640w,https://www.datocms-assets.com/24293/1735003860-nike-cygnal-university-red-release-heat-mvmnt-1.png?dpr=0.75&amp;fm=webp&amp;max-h=315&amp;max-w=311535 960w,https://www.datocms-assets.com/24293/1735003860-nike-cygnal-university-red-release-heat-mvmnt-1.png?fm=webp&amp;max-h=420&amp;max-w=645 1280w",180 €
Air Jordan 3 Retro 'Black Cat',Sa. 11. Jan. 2025 – 08:00,"https://www.datocms-assets.com/24293/1735381612-0bd646cf38f2573053252eafaa6907e2c0b9978e-1966x1229.png?dpr=0.25&amp;fm=webp&amp;max-h=105&amp;max-w=103845 480w,https://www.datocms-assets.com/24293/1735381612-0bd646cf38f2573053252eafaa6907e2c0b9978e-1966x1229.png?dpr=0.5&amp;fm=webp&amp;max-h=210&amp;max-w=207690 960w,https://www.datocms-assets.com/24293/1735381612-0bd646cf38f2573053252eafaa6907e2c0b9978e-1966x1229.png?dpr=0.75&amp;fm=webp&amp;max-h=315&amp;max-w=311535 1440w,https://www.datocms-assets.com/24293/1735381612-0bd646cf38f2573053252eafaa6907e2c0b9978e-1966x1229.png?fm=webp&amp;max-h=420&amp;max-w=645 1920w",220 €
Hidden NY x Asics Gel-Venture 6 Shield 'Wasabi',So. 12. Jan. 2025 – 23:00,"https://www.datocms-assets.com/24293/1734459135-11.png?dpr=0.25&amp;fm=webp&amp;max-h=105&amp;max-w=103845 322w,https://www.datocms-assets.com/24293/1734459135-11.png?dpr=0.5&amp;fm=webp&amp;max-h=210&amp;max-w=207690 645w,https://www.datocms-assets.com/24293/1734459135-11.png?dpr=0.75&amp;fm=webp&amp;max-h=315&amp;max-w=311535 967w,https://www.datocms-assets.com/24293/1734459135-11.png?fm=webp&amp;max-h=420&amp;max-w=645 1290w",160 €
